<?xml version="1.0" encoding="UTF-8"?>
<zabbix_export>
    <version>3.2</version>
    <date>2017-09-25T15:34:53Z</date>
    <groups>
        <group>
            <name>Templates</name>
        </group>
    </groups>
    <templates>
        <template>
            <template>Template Hardware MegaRAID</template>
            <name>Template Hardware MegaRAID</name>
            <description/>
            <groups>
                <group>
                    <name>Templates</name>
                </group>
            </groups>
            <applications>
                <application>
                    <name>MegaRAID Adapter</name>
                </application>
                <application>
                    <name>MegaRAID PDisk</name>
                </application>
                <application>
                    <name>MegaRAID VDisk</name>
                </application>
            </applications>
            <items/>
            <discovery_rules>
                <discovery_rule>
                    <name>MegaRAID Adapter discovery</name>
                    <type>0</type>
                    <snmp_community/>
                    <snmp_oid/>
                    <key>MegaRAID.Adapter.discovery</key>
                    <delay>3600</delay>
                    <status>0</status>
                    <allowed_hosts/>
                    <snmpv3_contextname/>
                    <snmpv3_securityname/>
                    <snmpv3_securitylevel>0</snmpv3_securitylevel>
                    <snmpv3_authprotocol>0</snmpv3_authprotocol>
                    <snmpv3_authpassphrase/>
                    <snmpv3_privprotocol>0</snmpv3_privprotocol>
                    <snmpv3_privpassphrase/>
                    <delay_flex/>
                    <params/>
                    <ipmi_sensor/>
                    <authtype>0</authtype>
                    <username/>
                    <password/>
                    <publickey/>
                    <privatekey/>
                    <port/>
                    <filter>
                        <evaltype>0</evaltype>
                        <formula/>
                        <conditions/>
                    </filter>
                    <lifetime>1</lifetime>
                    <description/>
                    <item_prototypes>
                        <item_prototype>
                            <name>Adapter Auto Rebuild on Adapter {#ADAPTER}</name>
                            <type>0</type>
                            <snmp_community/>
                            <multiplier>0</multiplier>
                            <snmp_oid/>
                            <key>MegaRAID.Adapter.Info[{#ADAPTER},Auto Rebuild]</key>
                            <delay>3600</delay>
                            <history>7</history>
                            <trends>0</trends>
                            <status>0</status>
                            <value_type>4</value_type>
                            <allowed_hosts/>
                            <units/>
                            <delta>0</delta>
                            <snmpv3_contextname/>
                            <snmpv3_securityname/>
                            <snmpv3_securitylevel>0</snmpv3_securitylevel>
                            <snmpv3_authprotocol>0</snmpv3_authprotocol>
                            <snmpv3_authpassphrase/>
                            <snmpv3_privprotocol>0</snmpv3_privprotocol>
                            <snmpv3_privpassphrase/>
                            <formula>1</formula>
                            <delay_flex/>
                            <params/>
                            <ipmi_sensor/>
                            <data_type>0</data_type>
                            <authtype>0</authtype>
                            <username/>
                            <password/>
                            <publickey/>
                            <privatekey/>
                            <port/>
                            <description/>
                            <inventory_link>0</inventory_link>
                            <applications>
                                <application>
                                    <name>MegaRAID Adapter</name>
                                </application>
                            </applications>
                            <valuemap/>
                            <logtimefmt/>
                            <application_prototypes/>
                        </item_prototype>
                        <item_prototype>
                            <name>Adapter BBU on Adapter {#ADAPTER}</name>
                            <type>0</type>
                            <snmp_community/>
                            <multiplier>0</multiplier>
                            <snmp_oid/>
                            <key>MegaRAID.Adapter.Info[{#ADAPTER},BBU]</key>
                            <delay>3600</delay>
                            <history>7</history>
                            <trends>0</trends>
                            <status>0</status>
                            <value_type>4</value_type>
                            <allowed_hosts/>
                            <units/>
                            <delta>0</delta>
                            <snmpv3_contextname/>
                            <snmpv3_securityname/>
                            <snmpv3_securitylevel>0</snmpv3_securitylevel>
                            <snmpv3_authprotocol>0</snmpv3_authprotocol>
                            <snmpv3_authpassphrase/>
                            <snmpv3_privprotocol>0</snmpv3_privprotocol>
                            <snmpv3_privpassphrase/>
                            <formula>1</formula>
                            <delay_flex/>
                            <params/>
                            <ipmi_sensor/>
                            <data_type>0</data_type>
                            <authtype>0</authtype>
                            <username/>
                            <password/>
                            <publickey/>
                            <privatekey/>
                            <port/>
                            <description/>
                            <inventory_link>0</inventory_link>
                            <applications>
                                <application>
                                    <name>MegaRAID Adapter</name>
                                </application>
                            </applications>
                            <valuemap/>
                            <logtimefmt/>
                            <application_prototypes/>
                        </item_prototype>
                        <item_prototype>
                            <name>Adapter Memory on Adapter {#ADAPTER}</name>
                            <type>0</type>
                            <snmp_community/>
                            <multiplier>0</multiplier>
                            <snmp_oid/>
                            <key>MegaRAID.Adapter.Info[{#ADAPTER},Memory]</key>
                            <delay>3600</delay>
                            <history>7</history>
                            <trends>0</trends>
                            <status>0</status>
                            <value_type>4</value_type>
                            <allowed_hosts/>
                            <units/>
                            <delta>0</delta>
                            <snmpv3_contextname/>
                            <snmpv3_securityname/>
                            <snmpv3_securitylevel>0</snmpv3_securitylevel>
                            <snmpv3_authprotocol>0</snmpv3_authprotocol>
                            <snmpv3_authpassphrase/>
                            <snmpv3_privprotocol>0</snmpv3_privprotocol>
                            <snmpv3_privpassphrase/>
                            <formula>1</formula>
                            <delay_flex/>
                            <params/>
                            <ipmi_sensor/>
                            <data_type>0</data_type>
                            <authtype>0</authtype>
                            <username/>
                            <password/>
                            <publickey/>
                            <privatekey/>
                            <port/>
                            <description/>
                            <inventory_link>0</inventory_link>
                            <applications>
                                <application>
                                    <name>MegaRAID Adapter</name>
                                </application>
                            </applications>
                            <valuemap/>
                            <logtimefmt/>
                            <application_prototypes/>
                        </item_prototype>
                        <item_prototype>
                            <name>Adapter Product Name on Adapter {#ADAPTER}</name>
                            <type>0</type>
                            <snmp_community/>
                            <multiplier>0</multiplier>
                            <snmp_oid/>
                            <key>MegaRAID.Adapter.Info[{#ADAPTER},Product Name]</key>
                            <delay>3600</delay>
                            <history>7</history>
                            <trends>0</trends>
                            <status>0</status>
                            <value_type>4</value_type>
                            <allowed_hosts/>
                            <units/>
                            <delta>0</delta>
                            <snmpv3_contextname/>
                            <snmpv3_securityname/>
                            <snmpv3_securitylevel>0</snmpv3_securitylevel>
                            <snmpv3_authprotocol>0</snmpv3_authprotocol>
                            <snmpv3_authpassphrase/>
                            <snmpv3_privprotocol>0</snmpv3_privprotocol>
                            <snmpv3_privpassphrase/>
                            <formula>1</formula>
                            <delay_flex/>
                            <params/>
                            <ipmi_sensor/>
                            <data_type>0</data_type>
                            <authtype>0</authtype>
                            <username/>
                            <password/>
                            <publickey/>
                            <privatekey/>
                            <port/>
                            <description/>
                            <inventory_link>0</inventory_link>
                            <applications>
                                <application>
                                    <name>MegaRAID Adapter</name>
                                </application>
                            </applications>
                            <valuemap/>
                            <logtimefmt/>
                            <application_prototypes/>
                        </item_prototype>
                        <item_prototype>
                            <name>Adapter Serial No on Adapter {#ADAPTER}</name>
                            <type>0</type>
                            <snmp_community/>
                            <multiplier>0</multiplier>
                            <snmp_oid/>
                            <key>MegaRAID.Adapter.Info[{#ADAPTER},Serial No]</key>
                            <delay>3600</delay>
                            <history>7</history>
                            <trends>0</trends>
                            <status>0</status>
                            <value_type>4</value_type>
                            <allowed_hosts/>
                            <units/>
                            <delta>0</delta>
                            <snmpv3_contextname/>
                            <snmpv3_securityname/>
                            <snmpv3_securitylevel>0</snmpv3_securitylevel>
                            <snmpv3_authprotocol>0</snmpv3_authprotocol>
                            <snmpv3_authpassphrase/>
                            <snmpv3_privprotocol>0</snmpv3_privprotocol>
                            <snmpv3_privpassphrase/>
                            <formula>1</formula>
                            <delay_flex/>
                            <params/>
                            <ipmi_sensor/>
                            <data_type>0</data_type>
                            <authtype>0</authtype>
                            <username/>
                            <password/>
                            <publickey/>
                            <privatekey/>
                            <port/>
                            <description/>
                            <inventory_link>0</inventory_link>
                            <applications>
                                <application>
                                    <name>MegaRAID Adapter</name>
                                </application>
                            </applications>
                            <valuemap/>
                            <logtimefmt/>
                            <application_prototypes/>
                        </item_prototype>
                    </item_prototypes>
                    <trigger_prototypes/>
                    <graph_prototypes/>
                    <host_prototypes/>
                </discovery_rule>
                <discovery_rule>
                    <name>MegaRAID PhysicalDisk discovery</name>
                    <type>0</type>
                    <snmp_community/>
                    <snmp_oid/>
                    <key>MegaRAID.PDisk.discovery</key>
                    <delay>3600</delay>
                    <status>0</status>
                    <allowed_hosts/>
                    <snmpv3_contextname/>
                    <snmpv3_securityname/>
                    <snmpv3_securitylevel>0</snmpv3_securitylevel>
                    <snmpv3_authprotocol>0</snmpv3_authprotocol>
                    <snmpv3_authpassphrase/>
                    <snmpv3_privprotocol>0</snmpv3_privprotocol>
                    <snmpv3_privpassphrase/>
                    <delay_flex/>
                    <params/>
                    <ipmi_sensor/>
                    <authtype>0</authtype>
                    <username/>
                    <password/>
                    <publickey/>
                    <privatekey/>
                    <port/>
                    <filter>
                        <evaltype>0</evaltype>
                        <formula/>
                        <conditions/>
                    </filter>
                    <lifetime>1</lifetime>
                    <description/>
                    <item_prototypes>
                        <item_prototype>
                            <name>PhysicalDisk Size on Drive[{#PDISK}]</name>
                            <type>0</type>
                            <snmp_community/>
                            <multiplier>0</multiplier>
                            <snmp_oid/>
                            <key>MegaRAID.PDisk.Info[{#PDISK},Coerced Size]</key>
                            <delay>3600</delay>
                            <history>7</history>
                            <trends>0</trends>
                            <status>0</status>
                            <value_type>4</value_type>
                            <allowed_hosts/>
                            <units/>
                            <delta>0</delta>
                            <snmpv3_contextname/>
                            <snmpv3_securityname/>
                            <snmpv3_securitylevel>0</snmpv3_securitylevel>
                            <snmpv3_authprotocol>0</snmpv3_authprotocol>
                            <snmpv3_authpassphrase/>
                            <snmpv3_privprotocol>0</snmpv3_privprotocol>
                            <snmpv3_privpassphrase/>
                            <formula>1</formula>
                            <delay_flex/>
                            <params/>
                            <ipmi_sensor/>
                            <data_type>0</data_type>
                            <authtype>0</authtype>
                            <username/>
                            <password/>
                            <publickey/>
                            <privatekey/>
                            <port/>
                            <description/>
                            <inventory_link>0</inventory_link>
                            <applications>
                                <application>
                                    <name>MegaRAID PDisk</name>
                                </application>
                            </applications>
                            <valuemap/>
                            <logtimefmt/>
                            <application_prototypes/>
                        </item_prototype>
                        <item_prototype>
                            <name>PhysicalDisk Status on Drive[{#PDISK}]</name>
                            <type>0</type>
                            <snmp_community/>
                            <multiplier>0</multiplier>
                            <snmp_oid/>
                            <key>MegaRAID.PDisk.Info[{#PDISK},Firmware state]</key>
                            <delay>3600</delay>
                            <history>7</history>
                            <trends>0</trends>
                            <status>0</status>
                            <value_type>4</value_type>
                            <allowed_hosts/>
                            <units/>
                            <delta>0</delta>
                            <snmpv3_contextname/>
                            <snmpv3_securityname/>
                            <snmpv3_securitylevel>0</snmpv3_securitylevel>
                            <snmpv3_authprotocol>0</snmpv3_authprotocol>
                            <snmpv3_authpassphrase/>
                            <snmpv3_privprotocol>0</snmpv3_privprotocol>
                            <snmpv3_privpassphrase/>
                            <formula>1</formula>
                            <delay_flex/>
                            <params/>
                            <ipmi_sensor/>
                            <data_type>0</data_type>
                            <authtype>0</authtype>
                            <username/>
                            <password/>
                            <publickey/>
                            <privatekey/>
                            <port/>
                            <description/>
                            <inventory_link>0</inventory_link>
                            <applications>
                                <application>
                                    <name>MegaRAID PDisk</name>
                                </application>
                            </applications>
                            <valuemap/>
                            <logtimefmt/>
                            <application_prototypes/>
                        </item_prototype>
                        <item_prototype>
                            <name>PhysicalDisk Model on Drive[{#PDISK}]</name>
                            <type>0</type>
                            <snmp_community/>
                            <multiplier>0</multiplier>
                            <snmp_oid/>
                            <key>MegaRAID.PDisk.Info[{#PDISK},Inquiry Data]</key>
                            <delay>3600</delay>
                            <history>7</history>
                            <trends>0</trends>
                            <status>0</status>
                            <value_type>4</value_type>
                            <allowed_hosts/>
                            <units/>
                            <delta>0</delta>
                            <snmpv3_contextname/>
                            <snmpv3_securityname/>
                            <snmpv3_securitylevel>0</snmpv3_securitylevel>
                            <snmpv3_authprotocol>0</snmpv3_authprotocol>
                            <snmpv3_authpassphrase/>
                            <snmpv3_privprotocol>0</snmpv3_privprotocol>
                            <snmpv3_privpassphrase/>
                            <formula>1</formula>
                            <delay_flex/>
                            <params/>
                            <ipmi_sensor/>
                            <data_type>0</data_type>
                            <authtype>0</authtype>
                            <username/>
                            <password/>
                            <publickey/>
                            <privatekey/>
                            <port/>
                            <description/>
                            <inventory_link>0</inventory_link>
                            <applications>
                                <application>
                                    <name>MegaRAID PDisk</name>
                                </application>
                            </applications>
                            <valuemap/>
                            <logtimefmt/>
                            <application_prototypes/>
                        </item_prototype>
                        <item_prototype>
                            <name>PhysicalDisk Speed on Drive[{#PDISK}]</name>
                            <type>0</type>
                            <snmp_community/>
                            <multiplier>0</multiplier>
                            <snmp_oid/>
                            <key>MegaRAID.PDisk.Info[{#PDISK},Link Speed]</key>
                            <delay>3600</delay>
                            <history>7</history>
                            <trends>0</trends>
                            <status>0</status>
                            <value_type>4</value_type>
                            <allowed_hosts/>
                            <units/>
                            <delta>0</delta>
                            <snmpv3_contextname/>
                            <snmpv3_securityname/>
                            <snmpv3_securitylevel>0</snmpv3_securitylevel>
                            <snmpv3_authprotocol>0</snmpv3_authprotocol>
                            <snmpv3_authpassphrase/>
                            <snmpv3_privprotocol>0</snmpv3_privprotocol>
                            <snmpv3_privpassphrase/>
                            <formula>1</formula>
                            <delay_flex/>
                            <params/>
                            <ipmi_sensor/>
                            <data_type>0</data_type>
                            <authtype>0</authtype>
                            <username/>
                            <password/>
                            <publickey/>
                            <privatekey/>
                            <port/>
                            <description/>
                            <inventory_link>0</inventory_link>
                            <applications>
                                <application>
                                    <name>MegaRAID PDisk</name>
                                </application>
                            </applications>
                            <valuemap/>
                            <logtimefmt/>
                            <application_prototypes/>
                        </item_prototype>
                        <item_prototype>
                            <name>PhysicalDisk Media Error on Drive[{#PDISK}]</name>
                            <type>0</type>
                            <snmp_community/>
                            <multiplier>0</multiplier>
                            <snmp_oid/>
                            <key>MegaRAID.PDisk.Info[{#PDISK},Media Error Count]</key>
                            <delay>3600</delay>
                            <history>7</history>
                            <trends>365</trends>
                            <status>0</status>
                            <value_type>3</value_type>
                            <allowed_hosts/>
                            <units/>
                            <delta>0</delta>
                            <snmpv3_contextname/>
                            <snmpv3_securityname/>
                            <snmpv3_securitylevel>0</snmpv3_securitylevel>
                            <snmpv3_authprotocol>0</snmpv3_authprotocol>
                            <snmpv3_authpassphrase/>
                            <snmpv3_privprotocol>0</snmpv3_privprotocol>
                            <snmpv3_privpassphrase/>
                            <formula>1</formula>
                            <delay_flex/>
                            <params/>
                            <ipmi_sensor/>
                            <data_type>0</data_type>
                            <authtype>0</authtype>
                            <username/>
                            <password/>
                            <publickey/>
                            <privatekey/>
                            <port/>
                            <description/>
                            <inventory_link>0</inventory_link>
                            <applications>
                                <application>
                                    <name>MegaRAID PDisk</name>
                                </application>
                            </applications>
                            <valuemap/>
                            <logtimefmt/>
                            <application_prototypes/>
                        </item_prototype>
                        <item_prototype>
                            <name>PhysicalDisk Other Error on Drive[{#PDISK}]</name>
                            <type>0</type>
                            <snmp_community/>
                            <multiplier>0</multiplier>
                            <snmp_oid/>
                            <key>MegaRAID.PDisk.Info[{#PDISK},Other Error Count]</key>
                            <delay>3600</delay>
                            <history>7</history>
                            <trends>365</trends>
                            <status>0</status>
                            <value_type>3</value_type>
                            <allowed_hosts/>
                            <units/>
                            <delta>0</delta>
                            <snmpv3_contextname/>
                            <snmpv3_securityname/>
                            <snmpv3_securitylevel>0</snmpv3_securitylevel>
                            <snmpv3_authprotocol>0</snmpv3_authprotocol>
                            <snmpv3_authpassphrase/>
                            <snmpv3_privprotocol>0</snmpv3_privprotocol>
                            <snmpv3_privpassphrase/>
                            <formula>1</formula>
                            <delay_flex/>
                            <params/>
                            <ipmi_sensor/>
                            <data_type>0</data_type>
                            <authtype>0</authtype>
                            <username/>
                            <password/>
                            <publickey/>
                            <privatekey/>
                            <port/>
                            <description/>
                            <inventory_link>0</inventory_link>
                            <applications>
                                <application>
                                    <name>MegaRAID PDisk</name>
                                </application>
                            </applications>
                            <valuemap/>
                            <logtimefmt/>
                            <application_prototypes/>
                        </item_prototype>
                        <item_prototype>
                            <name>PhysicalDisk Type on Drive[{#PDISK}]</name>
                            <type>0</type>
                            <snmp_community/>
                            <multiplier>0</multiplier>
                            <snmp_oid/>
                            <key>MegaRAID.PDisk.Info[{#PDISK},PD Type]</key>
                            <delay>3600</delay>
                            <history>7</history>
                            <trends>0</trends>
                            <status>0</status>
                            <value_type>4</value_type>
                            <allowed_hosts/>
                            <units/>
                            <delta>0</delta>
                            <snmpv3_contextname/>
                            <snmpv3_securityname/>
                            <snmpv3_securitylevel>0</snmpv3_securitylevel>
                            <snmpv3_authprotocol>0</snmpv3_authprotocol>
                            <snmpv3_authpassphrase/>
                            <snmpv3_privprotocol>0</snmpv3_privprotocol>
                            <snmpv3_privpassphrase/>
                            <formula>1</formula>
                            <delay_flex/>
                            <params/>
                            <ipmi_sensor/>
                            <data_type>0</data_type>
                            <authtype>0</authtype>
                            <username/>
                            <password/>
                            <publickey/>
                            <privatekey/>
                            <port/>
                            <description/>
                            <inventory_link>0</inventory_link>
                            <applications>
                                <application>
                                    <name>MegaRAID PDisk</name>
                                </application>
                            </applications>
                            <valuemap/>
                            <logtimefmt/>
                            <application_prototypes/>
                        </item_prototype>
                        <item_prototype>
                            <name>PhysicalDisk Predictive Failure on Drive[{#PDISK}]</name>
                            <type>0</type>
                            <snmp_community/>
                            <multiplier>0</multiplier>
                            <snmp_oid/>
                            <key>MegaRAID.PDisk.Info[{#PDISK},Predictive Failure Count]</key>
                            <delay>3600</delay>
                            <history>7</history>
                            <trends>365</trends>
                            <status>0</status>
                            <value_type>3</value_type>
                            <allowed_hosts/>
                            <units/>
                            <delta>0</delta>
                            <snmpv3_contextname/>
                            <snmpv3_securityname/>
                            <snmpv3_securitylevel>0</snmpv3_securitylevel>
                            <snmpv3_authprotocol>0</snmpv3_authprotocol>
                            <snmpv3_authpassphrase/>
                            <snmpv3_privprotocol>0</snmpv3_privprotocol>
                            <snmpv3_privpassphrase/>
                            <formula>1</formula>
                            <delay_flex/>
                            <params/>
                            <ipmi_sensor/>
                            <data_type>0</data_type>
                            <authtype>0</authtype>
                            <username/>
                            <password/>
                            <publickey/>
                            <privatekey/>
                            <port/>
                            <description/>
                            <inventory_link>0</inventory_link>
                            <applications>
                                <application>
                                    <name>MegaRAID PDisk</name>
                                </application>
                            </applications>
                            <valuemap/>
                            <logtimefmt/>
                            <application_prototypes/>
                        </item_prototype>
                    </item_prototypes>
                    <trigger_prototypes>
                        <trigger_prototype>
                            <expression>{Template Hardware MegaRAID:MegaRAID.PDisk.Info[{#PDISK},Predictive Failure Count].last()}&gt;0</expression>
                            <recovery_mode>0</recovery_mode>
                            <recovery_expression/>
                            <name>PhysicalDisk Predictive Failure on Drive[{#PDISK}]</name>
                            <correlation_mode>0</correlation_mode>
                            <correlation_tag/>
                            <url/>
                            <status>0</status>
                            <priority>2</priority>
                            <description/>
                            <type>0</type>
                            <manual_close>0</manual_close>
                            <dependencies/>
                            <tags/>
                        </trigger_prototype>
                        <trigger_prototype>
                            <expression>{Template Hardware MegaRAID:MegaRAID.PDisk.Info[{#PDISK},Firmware state].iregexp(Failed|Unconfigured)}=1</expression>
                            <recovery_mode>0</recovery_mode>
                            <recovery_expression/>
                            <name>PhysicalDisk Status is Failed on Drive[{#PDISK}]</name>
                            <correlation_mode>0</correlation_mode>
                            <correlation_tag/>
                            <url/>
                            <status>0</status>
                            <priority>4</priority>
                            <description/>
                            <type>0</type>
                            <manual_close>0</manual_close>
                            <dependencies/>
                            <tags/>
                        </trigger_prototype>
                        <trigger_prototype>
                            <expression>{Template Hardware MegaRAID:MegaRAID.PDisk.Info[{#PDISK},Firmware state].iregexp(Rebuild)}=1</expression>
                            <recovery_mode>0</recovery_mode>
                            <recovery_expression/>
                            <name>PhysicalDisk Status is Rebuild on Drive[{#PDISK}]</name>
                            <correlation_mode>0</correlation_mode>
                            <correlation_tag/>
                            <url/>
                            <status>0</status>
                            <priority>1</priority>
                            <description/>
                            <type>0</type>
                            <manual_close>0</manual_close>
                            <dependencies/>
                            <tags/>
                        </trigger_prototype>
                        <trigger_prototype>
                            <expression>{Template Hardware MegaRAID:MegaRAID.PDisk.Info[{#PDISK},Firmware state].iregexp(Spun Up)}=0 and {Template Hardware MegaRAID:MegaRAID.PDisk.Info[{#PDISK},Firmware state].iregexp(Failed)}=0 and {Template Hardware MegaRAID:MegaRAID.PDisk.Info[{#PDISK},Firmware state].iregexp(Rebuild)}=0 and {Template Hardware MegaRAID:MegaRAID.PDisk.Info[{#PDISK},Firmware state].iregexp(Unconfigured)}=0</expression>
                            <recovery_mode>0</recovery_mode>
                            <recovery_expression/>
                            <name>PhysicalDisk Status is Unknown on Drive[{#PDISK}]</name>
                            <correlation_mode>0</correlation_mode>
                            <correlation_tag/>
                            <url/>
                            <status>0</status>
                            <priority>3</priority>
                            <description/>
                            <type>0</type>
                            <manual_close>0</manual_close>
                            <dependencies/>
                            <tags/>
                        </trigger_prototype>
                    </trigger_prototypes>
                    <graph_prototypes/>
                    <host_prototypes/>
                </discovery_rule>
                <discovery_rule>
                    <name>MegaRAID VirtualDisk discovery</name>
                    <type>0</type>
                    <snmp_community/>
                    <snmp_oid/>
                    <key>MegaRAID.VDisk.discovery</key>
                    <delay>3600</delay>
                    <status>0</status>
                    <allowed_hosts/>
                    <snmpv3_contextname/>
                    <snmpv3_securityname/>
                    <snmpv3_securitylevel>0</snmpv3_securitylevel>
                    <snmpv3_authprotocol>0</snmpv3_authprotocol>
                    <snmpv3_authpassphrase/>
                    <snmpv3_privprotocol>0</snmpv3_privprotocol>
                    <snmpv3_privpassphrase/>
                    <delay_flex/>
                    <params/>
                    <ipmi_sensor/>
                    <authtype>0</authtype>
                    <username/>
                    <password/>
                    <publickey/>
                    <privatekey/>
                    <port/>
                    <filter>
                        <evaltype>0</evaltype>
                        <formula/>
                        <conditions/>
                    </filter>
                    <lifetime>1</lifetime>
                    <description/>
                    <item_prototypes>
                        <item_prototype>
                            <name>RAID Size on Virtual Drive {#VDISK}</name>
                            <type>0</type>
                            <snmp_community/>
                            <multiplier>0</multiplier>
                            <snmp_oid/>
                            <key>MegaRAID.VDisk.Info[{#VDISK},Size]</key>
                            <delay>3600</delay>
                            <history>7</history>
                            <trends>0</trends>
                            <status>0</status>
                            <value_type>4</value_type>
                            <allowed_hosts/>
                            <units/>
                            <delta>0</delta>
                            <snmpv3_contextname/>
                            <snmpv3_securityname/>
                            <snmpv3_securitylevel>0</snmpv3_securitylevel>
                            <snmpv3_authprotocol>0</snmpv3_authprotocol>
                            <snmpv3_authpassphrase/>
                            <snmpv3_privprotocol>0</snmpv3_privprotocol>
                            <snmpv3_privpassphrase/>
                            <formula>1</formula>
                            <delay_flex/>
                            <params/>
                            <ipmi_sensor/>
                            <data_type>0</data_type>
                            <authtype>0</authtype>
                            <username/>
                            <password/>
                            <publickey/>
                            <privatekey/>
                            <port/>
                            <description/>
                            <inventory_link>0</inventory_link>
                            <applications>
                                <application>
                                    <name>MegaRAID VDisk</name>
                                </application>
                            </applications>
                            <valuemap/>
                            <logtimefmt/>
                            <application_prototypes/>
                        </item_prototype>
                        <item_prototype>
                            <name>RAID Status on Virtual Drive {#VDISK}</name>
                            <type>0</type>
                            <snmp_community/>
                            <multiplier>0</multiplier>
                            <snmp_oid/>
                            <key>MegaRAID.VDisk.Info[{#VDISK},State]</key>
                            <delay>3600</delay>
                            <history>7</history>
                            <trends>0</trends>
                            <status>0</status>
                            <value_type>4</value_type>
                            <allowed_hosts/>
                            <units/>
                            <delta>0</delta>
                            <snmpv3_contextname/>
                            <snmpv3_securityname/>
                            <snmpv3_securitylevel>0</snmpv3_securitylevel>
                            <snmpv3_authprotocol>0</snmpv3_authprotocol>
                            <snmpv3_authpassphrase/>
                            <snmpv3_privprotocol>0</snmpv3_privprotocol>
                            <snmpv3_privpassphrase/>
                            <formula>1</formula>
                            <delay_flex/>
                            <params/>
                            <ipmi_sensor/>
                            <data_type>0</data_type>
                            <authtype>0</authtype>
                            <username/>
                            <password/>
                            <publickey/>
                            <privatekey/>
                            <port/>
                            <description/>
                            <inventory_link>0</inventory_link>
                            <applications>
                                <application>
                                    <name>MegaRAID VDisk</name>
                                </application>
                            </applications>
                            <valuemap/>
                            <logtimefmt/>
                            <application_prototypes/>
                        </item_prototype>
                        <item_prototype>
                            <name>RAID Level on Virtual Drive {#VDISK}</name>
                            <type>0</type>
                            <snmp_community/>
                            <multiplier>0</multiplier>
                            <snmp_oid/>
                            <key>MegaRAID.VDisk.RAIDLevel[{#VDISK}]</key>
                            <delay>3600</delay>
                            <history>7</history>
                            <trends>0</trends>
                            <status>0</status>
                            <value_type>4</value_type>
                            <allowed_hosts/>
                            <units/>
                            <delta>0</delta>
                            <snmpv3_contextname/>
                            <snmpv3_securityname/>
                            <snmpv3_securitylevel>0</snmpv3_securitylevel>
                            <snmpv3_authprotocol>0</snmpv3_authprotocol>
                            <snmpv3_authpassphrase/>
                            <snmpv3_privprotocol>0</snmpv3_privprotocol>
                            <snmpv3_privpassphrase/>
                            <formula>1</formula>
                            <delay_flex/>
                            <params/>
                            <ipmi_sensor/>
                            <data_type>0</data_type>
                            <authtype>0</authtype>
                            <username/>
                            <password/>
                            <publickey/>
                            <privatekey/>
                            <port/>
                            <description/>
                            <inventory_link>0</inventory_link>
                            <applications>
                                <application>
                                    <name>MegaRAID VDisk</name>
                                </application>
                            </applications>
                            <valuemap/>
                            <logtimefmt/>
                            <application_prototypes/>
                        </item_prototype>
                    </item_prototypes>
                    <trigger_prototypes>
                        <trigger_prototype>
                            <expression>{Template Hardware MegaRAID:MegaRAID.VDisk.Info[{#VDISK},State].iregexp(Degraded)}=1</expression>
                            <recovery_mode>0</recovery_mode>
                            <recovery_expression/>
                            <name>RAID Status is Degraded on Virtual Drive {#VDISK}</name>
                            <correlation_mode>0</correlation_mode>
                            <correlation_tag/>
                            <url/>
                            <status>0</status>
                            <priority>4</priority>
                            <description/>
                            <type>0</type>
                            <manual_close>0</manual_close>
                            <dependencies/>
                            <tags/>
                        </trigger_prototype>
                        <trigger_prototype>
                            <expression>{Template Hardware MegaRAID:MegaRAID.VDisk.Info[{#VDISK},State].iregexp(Degraded|Optimal)}=0</expression>
                            <recovery_mode>0</recovery_mode>
                            <recovery_expression/>
                            <name>RAID Status is Uknown on Virtual Drive {#VDISK}</name>
                            <correlation_mode>0</correlation_mode>
                            <correlation_tag/>
                            <url/>
                            <status>0</status>
                            <priority>2</priority>
                            <description/>
                            <type>0</type>
                            <manual_close>0</manual_close>
                            <dependencies/>
                            <tags/>
                        </trigger_prototype>
                    </trigger_prototypes>
                    <graph_prototypes/>
                    <host_prototypes/>
                </discovery_rule>
            </discovery_rules>
            <httptests/>
            <macros/>
            <templates/>
            <screens/>
        </template>
    </templates>
</zabbix_export>
